Video,f1
video_2,0.6666666666666666
video_9,1.0
video_4,0.4705882352941177
video_6,0.8970588235294118
video_14,0.8750000000000001
