Video,f1,precision,recall
video_2,0.6666666666666666,0.5,1.0
video_9,1.0,1.0,1.0
video_4,0.4705882352941177,0.35443037974683544,0.7
video_6,0.8970588235294118,0.9037037037037037,0.8905109489051095
video_14,0.8750000000000001,0.7777777777777778,1.0
